{
    "DecisionTree": {
        "accuracy": 0.794889992902768,
        "precision": 0.6088082901554405,
        "recall": 0.6300268096514745,
        "f1_score": 0.619235836627141
    },
    "LogisticRegression": {
        "accuracy": 0.8168914123491838,
        "precision": 0.7090909090909091,
        "recall": 0.5227882037533512,
        "f1_score": 0.6018518518518519
    },
    "RandomForest": {
        "accuracy": 0.7991483321504613,
        "precision": 0.7184466019417476,
        "recall": 0.3967828418230563,
        "f1_score": 0.5112262521588946
    }
}